"Residue","Abbr","Tien et al. 2013 (theor.)","Tien et al. 2013 (emp.)","Miller et al. 1987","Rose et al. 1985"
Alanine,A,129.0,121.0,113.0,118.1
Arginine,R,274.0,265.0,241.0,256.0
Asparagine,N,195.0,187.0,158.0,165.5
Aspartate,D,193.0,187.0,151.0,158.7
Cysteine,C,167.0,148.0,140.0,146.1
Glutamate,E,223.0,214.0,183.0,186.2
Glutamine,Q,225.0,214.0,189.0,193.2
Glycine,G,104.0,97.0,85.0,88.1
Histidine,H,224.0,216.0,194.0,202.5
Isoleucine,I,197.0,195.0,182.0,181.0
Leucine,L,201.0,191.0,180.0,193.1
Lysine,K,236.0,230.0,211.0,225.8
Methionine,M,224.0,203.0,204.0,203.4
Phenylalanine,F,240.0,228.0,218.0,222.8
Proline,P,159.0,154.0,143.0,146.8
Serine,S,155.0,143.0,122.0,129.8
Threonine,T,172.0,163.0,146.0,152.5
Tryptophan,W,285.0,264.0,259.0,266.3
Tyrosine,Y,263.0,255.0,229.0,236.8
Valine,V,174.0,165.0,160.0,164.5
